{
 "K": [
  [
   1065.7832950271875,
   0.0,
   582.5606644580748
  ],
  [
   0.0,
   1064.76679196516,
   332.08065355197215
  ],
  [
   0.0,
   0.0,
   1.0
  ]
 ],
 "distortion": [
  [
   0.18883919262930063,
   -0.5085149341676691,
   -0.01503633556510374,
   -0.014950405129181613,
   0.5510745823525847
  ]
 ]
}