{
 "K": [
  [
   1269.7343327795043,
   0.0,
   760.4190355238724
  ],
  [
   0.0,
   1190.5792245988812,
   214.26241294373708
  ],
  [
   0.0,
   0.0,
   1.0
  ]
 ],
 "distortion": [
  [
   0.11928416591419998,
   -0.3431962824488725,
   -0.011421458887242119,
   0.03482348202471575,
   0.21819556553937028
  ]
 ]
}