{
 "K": [
  [
   1062.1730892374744,
   0.0,
   529.96261814654
  ],
  [
   0.0,
   1070.7305745584883,
   542.0174231222387
  ],
  [
   0.0,
   0.0,
   1.0
  ]
 ],
 "distortion": [
  [
   -0.18616809995909736,
   0.26656425739837475,
   -0.003075623251150272,
   0.0036822215680951667,
   -0.5739830113472172
  ]
 ],
 "d":3,
 "h":2,
 "tilt":30,
 "pan":0
}